triangle,sample,x,road_y,z,old_ground_y,new_ground_y,old_road_error_m,new_road_error_m
1038,2,-5.121728420257568,20.932951736450192,137.56605834960936,20.913487773380577,20.83295164702969,-0.08053603693038483,8.942050086502285e-08
1038,4,-4.644573450088501,21.059385299682617,137.89427947998047,21.039719911125957,20.95938574777525,-0.08033461144333956,-4.480926335814761e-07
1040,1,-5.599460697174073,20.81839447021484,137.28878784179688,20.79840027237936,20.71839452763729,-0.08000580216451994,-5.74224493787856e-08
1041,0,-5.971178690592448,20.684956868489582,136.8839569091797,20.667249048428953,20.584958201519388,-0.08229217993937113,-1.3330298060110213e-06
1041,1,-5.438648986816407,20.78422622680664,137.07168884277343,20.76884009111741,20.684226808635263,-0.08461386431077003,-5.818286211989321e-07
1041,2,-6.076998329162597,20.61452865600586,136.63023986816407,20.599447360273793,20.514530403299496,-0.08491870426793327,-1.7472936363616132e-06
1041,4,-5.437791109085083,20.72100830078125,136.80147552490234,20.70948574159558,20.621009212639372,-0.08847744081432865,-9.118581218159338e-07
1042,0,-5.169475396474202,20.706431706746418,136.62035624186197,20.700012063993558,20.606431785627592,-0.09358035724714,-7.888117395382643e-08
1042,1,-4.957627010345459,20.79711112976074,136.9135284423828,20.78849790045618,20.697110959100193,-0.09138677069543846,1.7066054666670105e-07
1042,2,-4.954822826385498,20.694770431518553,136.4754608154297,20.69243312191195,20.594769844018174,-0.09766269039339762,5.875003786515176e-07
1042,3,-5.59597635269165,20.62741355895996,136.47207946777343,20.619105169612553,20.527414553764412,-0.09169161065259104,-9.948044507324116e-07
1042,4,-4.636349201202393,20.805204391479492,136.80570220947266,20.801145681969818,20.705203325456566,-0.09594129049032532,1.0660229264602972e-06
1042,5,-5.434285879135132,20.593082427978516,136.25389099121094,20.58940476841529,20.49308281878685,-0.09632234043677315,-3.9080833361127e-07
1042,6,-5.437791109085083,20.72100830078125,136.80147552490234,20.70948574159558,20.621009212639372,-0.08847744081432865,-9.118581218159338e-07
1044,0,-6.131485780080159,20.445324579874676,135.51362101236978,20.430846648741028,20.345324840558536,-0.08552206886635219,-2.6068386063671234e-07
1044,1,-6.173182582855224,20.470749282836916,135.80803833007812,20.457605512399567,20.370749906039716,-0.08685622956265107,-6.232027999486522e-07
1044,2,-5.7311018943786625,20.413456344604494,135.36759033203126,20.410747236884838,20.31345627554702,-0.0972908922803434,6.905747582108823e-08
1044,4,-5.683126926422119,20.437270164489746,135.69910430908203,20.439170963493964,20.337270466145608,-0.10190079900421836,-3.0165586153985124e-07
1044,5,-6.079364776611328,20.413543701171875,135.14559936523438,20.397398069167853,20.313543508707063,-0.0838543679959777,1.924648117268557e-07
1045,0,-5.333032608032227,20.51727294921875,135.88544209798178,20.519802549513056,20.417273018965314,-0.10252960029430583,-6.974656444058702e-08
1045,1,-5.052957153320313,20.581275177001952,136.03451232910157,20.584307413223645,20.481274584020802,-0.10303223622169214,5.929811500438031e-07
1045,2,-5.252029991149903,20.456625366210936,135.59068298339844,20.46412077439127,20.356625179108082,-0.10749540818033268,1.871028537381303e-07
1045,3,-5.694110679626465,20.513918304443358,136.0311309814453,20.510979460924247,20.413919293767044,-0.09706115648088912,-9.893236864455535e-07
1045,4,-4.881685018539429,20.52146625518799,135.70333099365234,20.530831410249057,20.421465175463137,-0.10936515506106873,1.0797248513882973e-06
1045,5,-5.683126926422119,20.437270164489746,135.69910430908203,20.439170963493964,20.337270466145608,-0.10190079900421836,-3.0165586153985124e-07
1045,6,-5.434285879135132,20.593082427978516,136.25389099121094,20.58940476841529,20.49308281878685,-0.09632234043677315,-3.9080833361127e-07
1046,0,-4.797195116678874,20.487033208211262,135.5189208984375,20.49982306298913,20.387032388011953,-0.11278985477786777,8.201993089984594e-07
1046,1,-4.731454658508301,20.563131332397457,135.81459960937502,20.572319721309295,20.463130205448792,-0.10918838891183782,1.1269486655807182e-06
1046,2,-4.729603195190429,20.459486770629884,135.37139282226565,20.475016385181192,20.35948615805101,-0.11552961455130842,6.125788743760463e-07
1046,3,-4.9305274963378904,20.438481521606448,135.3707702636719,20.452133082476916,20.338480800536068,-0.11365156087046771,7.210703799331863e-07
1046,4,-4.6305296421051025,20.547722816467285,135.70410919189453,20.5594355386294,20.447721872356812,-0.11171272216211606,9.44110472994586e-07
1046,5,-4.87937068939209,20.391910552978516,135.14932250976562,20.409202240088934,20.291910116215913,-0.11729168711041851,4.367626026124949e-07
1046,6,-4.881685018539429,20.52146625518799,135.70333099365234,20.530831410249057,20.421465175463137,-0.10936515506106873,1.0797248513882973e-06
1047,0,-5.59530512491862,20.37583605448405,134.97942097981772,20.374014297098093,20.27583589194968,-0.09817824261404198,1.6253437137847548e-07
1047,1,-5.208057403564453,20.34566993713379,134.8464782714844,20.355307279442286,20.245669798543773,-0.10963734230849767,1.3859001554705763e-07
1047,2,-6.168464469909668,20.41007499694824,135.04471435546873,20.390087785952915,20.310074970923566,-0.08001278900467526,2.6024673610569593e-08
1047,3,-5.4093935012817385,20.371763229370117,135.0470703125,20.376647825899077,20.271762906381703,-0.10488459652896012,3.229884143196582e-07
1047,4,-5.827694654464722,20.380927085876465,134.89485931396484,20.370722386096862,20.280927123909652,-0.08979530022039697,-3.803318762707342e-08
1047,5,-6.079364776611328,20.413543701171875,135.14559936523438,20.397398069167853,20.313543508707063,-0.0838543679959777,1.924648117268557e-07
1047,6,-4.87885594367981,20.33303737640381,134.8978042602539,20.353922436029563,20.233037043232322,-0.12088505962575483,3.331714864829305e-07
1048,1,-5.587136459350585,20.347139358520508,134.62220764160156,20.342310798207595,20.247139477060912,-0.09517143968708766,-1.1854040452008441e-07
1048,4,-5.826553583145142,20.336710929870605,134.33712768554688,20.32143123294285,20.23671123952518,-0.08472030307224401,-3.096545761194225e-07
1048,6,-5.827694654464722,20.380927085876465,134.89485931396484,20.370722386096862,20.280927123909652,-0.08979530022039697,-3.803318762707342e-08
1049,0,-5.426343282063802,20.308297475179035,134.23462931315103,20.30518063497534,20.20829811841141,-0.0968831597963046,-6.43232374392122e-07
1049,1,-5.106680297851563,20.305146789550783,134.39960327148438,20.314007082168633,20.20514713442081,-0.10886029261785027,-3.4487002623095897e-07
1049,2,-5.10617504119873,20.28556671142578,134.1526306152344,20.292180156601336,20.18556762152039,-0.10661344517555663,-9.100946115891961e-07
1049,4,-4.626554250717163,20.27594566345215,134.33834838867188,20.299963095999452,20.17594626730939,-0.12401743254730349,-6.03857240127903e-07
1049,5,-5.825922012329102,20.312235832214355,134.02841186523438,20.29414757598373,20.212236848399662,-0.08191174376937341,-1.0161853069290405e-06
1049,6,-5.826553583145142,20.336710929870605,134.33712768554688,20.32143123294285,20.23671123952518,-0.08472030307224401,-3.096545761194225e-07
1050,0,-4.795309066772461,20.361413955688477,134.98190307617188,20.38188363893655,20.261413506081322,-0.12046968324807353,4.496071547011038e-07
1050,1,-4.728059768676758,20.337016677856447,134.84796752929688,20.36002875801465,20.237016217973654,-0.12301208015820322,4.5988279281927724e-07
1050,2,-4.929395866394042,20.363109970092772,135.0485595703125,20.38136942804537,20.263109471377692,-0.11825945795259898,4.987150795388029e-07
1050,3,-4.728471565246582,20.38411521911621,135.04918212890624,20.404252730749636,20.284114828892626,-0.12013751163342548,3.902235846398039e-07
1050,4,-4.87885594367981,20.33303737640381,134.8978042602539,20.353922436029563,20.233037043232322,-0.12088505962575483,3.331714864829305e-07
1050,5,-4.87937068939209,20.391910552978516,135.14932250976562,20.409202240088934,20.291910116215913,-0.11729168711041851,4.367626026124949e-07
1050,6,-4.627700567245483,20.359293937683105,134.8985824584961,20.382526402550532,20.259293549460867,-0.12323246486742648,3.882222379958389e-07
1051,1,-5.585922336578369,20.282225036621092,133.8031036376953,20.26992840320625,20.182225912682657,-0.08770336658515845,-8.76061564986097e-07
1051,6,-5.825922012329102,20.312235832214355,134.02841186523438,20.29414757598373,20.212236848399662,-0.08191174376937341,-1.0161853069290405e-06
1052,0,-5.425922870635986,20.232327779134113,133.2753702799479,20.220431058636322,20.132328133132336,-0.08810327950220867,-3.5399822309600815e-07
1052,1,-5.105922794342041,20.23998489379883,133.5770751953125,20.24133041079792,20.139985630352946,-0.10134551699909125,-7.365541158377287e-07
1052,2,-5.105923175811768,20.204116821289062,133.12404174804686,20.20130893553599,20.10411704346616,-0.09719211424692845,-2.2217709841343414e-07
1052,4,-4.625923156738281,20.20663547515869,133.46334075927734,20.22265259496291,20.106636142575383,-0.11601711980421783,-6.674166911635471e-07
1054,1,-5.106820583343506,20.150061798095702,132.4407257080078,20.14096016663514,20.050061488816233,-0.09089836853943681,3.0927946922942873e-07
1054,2,-5.10771951675415,20.113867950439452,131.98300476074218,20.100540748327624,20.013867345194498,-0.08667279788817198,6.052449542381932e-07
1054,4,-4.627047300338745,20.116558074951172,132.32489776611328,20.1221014780011,20.01655772943973,-0.10554340304992707,3.455114430950257e-07
1056,1,-5.1099458694458,20.059329986572266,131.29274291992186,20.039602274026414,19.95932926312802,-0.08027228745414874,7.23444246369942e-07
1056,4,-4.630396366119385,20.025676727294922,131.1748809814453,20.020567923412518,19.925675813163036,-0.09489119611759592,9.141318862704306e-07
1060,4,-4.635926246643066,19.934019088745117,130.013671875,19.918084837608788,19.83401835930102,-0.08406574886367082,7.294440976524097e-07
1152,2,-5.8490740776062005,18.00101547241211,98.05861358642578,17.98847258018375,17.901016016175976,-0.08745710777163965,-5.437638662952882e-07
1152,4,-5.372074127197266,17.948071479797363,97.94752502441406,17.93099856275929,17.84807204751502,-0.08292708296192544,-5.677176581342369e-07
1152,5,-6.559676647186279,18.08508014678955,98.32394027709961,18.066289672450477,17.98508040247461,-0.08120952566092612,-2.5568505748752024e-07
1153,0,-5.373400529225667,17.94477717081706,97.88166046142578,17.936331025208638,17.84477783818533,-0.0915538543915794,-6.673682712288187e-07
1153,2,-5.374461650848389,17.942141723632815,97.82896881103514,17.940596995168114,17.842142470721573,-0.09845527153529901,-7.470887574412277e-07
1153,3,-5.376787853240967,17.94237594604492,97.8290512084961,17.940913187324867,17.842376775271454,-0.09853724127994781,-8.292265349096883e-07
1153,4,-5.369166374206543,17.947778701782227,97.94742202758789,17.93060332256335,17.847779166827674,-0.08282462078112332,-4.650454478449806e-07
1153,5,-5.378961086273193,17.938481330871582,97.75003433227539,17.94739119030327,17.83848230021329,-0.10890985943168943,-9.693417077072386e-07
1153,6,-5.372074127197266,17.948071479797363,97.94752502441406,17.93099856275929,17.84807204751502,-0.08292708296192544,-5.677176581342369e-07
1156,2,-6.331531238555908,18.053588485717775,97.99651794433593,18.040606990552575,17.953589244564448,-0.08701850483480059,-7.58846672971325e-07
1156,4,-6.559676647186279,18.08508014678955,98.32394027709961,18.066289672450477,17.98508040247461,-0.08120952566092612,-2.5568505748752024e-07
1156,5,-6.578217029571533,18.079504013061523,97.79228591918945,18.06133436022822,17.9795052126916,-0.08183034716669582,-1.1996300756378364e-06
1157,0,-5.37802251180013,17.938342412312824,97.74913787841797,17.947331088520748,17.838342870992296,-0.10898867620792388,-4.586794716543441e-07
1157,1,-5.37727165222168,17.93823127746582,97.74842071533203,17.947283007094732,17.838231327615503,-0.10905172962891144,-5.014968210148574e-08
1157,2,-5.379561042785644,17.93851509094238,97.74953765869141,17.947513225312136,17.838515794955633,-0.1089981343697545,-7.040132516122899e-07
1157,3,-5.377234840393067,17.938280868530274,97.74945526123047,17.947197033155383,17.838281490405752,-0.10891616462510925,-6.218754776965429e-07
1157,4,-5.37900710105896,17.938419342041016,97.74874114990234,17.947498657727454,17.838419596725476,-0.10907931568643861,-2.5468446054888183e-07
1157,5,-5.378961086273193,17.938481330871582,97.75003433227539,17.94739119030327,17.83848230021329,-0.10890985943168943,-9.693417077072386e-07
1157,6,-5.376099348068237,17.93812656402588,97.74863815307617,17.947103417531515,17.838126716038126,-0.10897685350563649,-1.5201224670691182e-07
1158,2,-7.502072238922119,18.061145401000978,96.6265625,18.0448619797243,17.961146222192326,-0.08371657872332108,-8.211913481714905e-07
1158,4,-7.547824382781982,18.0828914642334,96.81841659545898,18.067259164251738,17.982892196732024,-0.08436770001833907,-7.32498625671818e-07
1159,2,-7.492988014221191,18.092654418945312,96.8817855834961,18.074547471927954,17.992655438353676,-0.08189305298264174,-1.0194083643055851e-06
1159,5,-7.547824382781982,18.0828914642334,96.81841659545898,18.067259164251738,17.982892196732024,-0.08436770001833907,-7.32498625671818e-07
1160,2,-6.88092908859253,18.078359603881836,96.73297882080078,18.06038627571048,17.97836001016132,-0.08202667182864545,-4.0627948508231704e-07
1160,3,-7.221955204010009,18.07615089416504,96.7452377319336,18.060394277780237,17.976151943690596,-0.08424338361519759,-1.0495255566012052e-06
1160,5,-6.870242357254028,18.041632652282715,96.47704696655273,18.031876179218973,17.941633458544146,-0.09024352693625773,-8.062614313131267e-07
1161,0,-6.177526473999023,18.032357533772785,97.77730560302734,18.023293187244885,17.932358151981482,-0.09093565347209989,-6.182086970396572e-07
1161,1,-5.856974029541015,17.994640350341797,97.76532135009765,17.992860248858214,17.894640503413388,-0.09821989851641746,-1.5307159131894288e-07
1161,3,-5.8592634201049805,17.99492416381836,97.76643829345703,17.993090611925854,17.894924911022777,-0.09816644810749367,-7.472044160350411e-07
1161,4,-6.575355291366577,18.07914924621582,97.79088973999023,18.06104640639367,17.979149703179864,-0.08189716017785145,-4.5696404385453526e-07
1161,5,-6.578217029571533,18.079504013061523,97.79228591918945,18.06133436022822,17.9795052126916,-0.08183034716669582,-1.1996300756378364e-06
1161,6,-5.37900710105896,17.938419342041016,97.74874114990234,17.947498657727454,17.838419596725476,-0.10907931568643861,-2.5468446054888183e-07
1162,1,-6.335848522186279,18.05083465576172,97.77276458740235,18.038192174641654,17.95083462799281,-0.08735751887993573,2.7768910365599808e-08
1162,4,-6.576193332672119,18.07890510559082,97.76734924316406,18.06082860957136,17.978904851521534,-0.08192350398053919,2.540692861374705e-07
1162,6,-6.575355291366577,18.07914924621582,97.79088973999023,18.06104640639367,17.979149703179864,-0.08189716017785145,-4.5696404385453526e-07
1163,0,-6.532115459442139,18.06740125020345,97.33214060465495,18.05117451122764,17.967401141682984,-0.08377326102419005,1.085204651418703e-07
1163,1,-6.069727420806885,18.015666580200197,97.49822235107422,18.00958904324787,17.915666297234292,-0.0939224630476744,2.8296590456888815e-07
1163,2,-6.496853160858154,18.058198165893554,96.98397369384766,18.043451232552663,17.958198173812146,-0.08525306665910862,-7.918592365152577e-09
1163,4,-5.910052537918091,17.99122905731201,97.10453414916992,17.989538577909208,17.89122887628357,-0.09830952059719636,1.810284416536856e-07
1163,6,-6.576193332672119,18.07890510559082,97.76734924316406,18.06082860957136,17.978904851521534,-0.08192350398053919,2.540692861374705e-07
1164,0,-5.7477718989054365,17.968922297159832,96.87803649902344,17.971351069752984,17.8689223627121,-0.10242877259315222,-6.555226975124562e-08
1164,1,-5.599121284484863,17.956579208374023,97.22575988769532,17.961694978363074,17.856579029851762,-0.10511576998905028,1.785222615013904e-07
1164,2,-5.617947387695312,17.951076889038088,96.69683837890625,17.956801063228,17.85107715185493,-0.10572417418991123,-2.6281684242790426e-07
1164,3,-6.026247024536133,17.999110794067384,96.71151123046874,17.99555716766787,17.899110906429616,-0.0964463736004845,-1.1236223187993666e-07
1164,4,-5.399677991867065,17.93118667602539,97.0861930847168,17.941093447359368,17.83118668306521,-0.10990677133397711,-7.039817978560237e-09
1164,5,-5.933585166931152,17.98435115814209,96.4433822631836,17.983421183990366,17.884351528787526,-0.0990700258482761,-3.706454364815759e-07
1164,6,-5.910052537918091,17.99122905731201,97.10453414916992,17.989538577909208,17.89122887628357,-0.09830952059719636,1.810284416536856e-07
1166,0,-7.136894861857097,17.94011624654134,95.60218811035156,17.92714953946734,17.840117147557685,-0.08703329292600018,-9.010163445621888e-07
1166,1,-7.20074691772461,17.97961845397949,95.95826110839845,17.9690442077096,17.879619587305434,-0.08942575373011011,-1.1333259436752119e-06
1166,2,-6.7799114227294925,17.905902481079103,95.41224670410156,17.909806664172184,17.80590322153714,-0.10390418309308061,-7.404580365799607e-07
1166,4,-6.770480632781982,17.94672679901123,95.80985260009766,17.957839280651218,17.846727789716688,-0.11111248163998724,-9.90705457587504e-07
1166,5,-7.057079792022705,17.890738487243652,95.15709686279297,17.874781204164517,17.790739097872997,-0.08404271692086454,-6.106293447827316e-07
1167,0,-6.399327913920085,17.999273935953777,96.14476267496745,17.9966828184086,17.899275073253534,-0.09740888245482396,-1.137299756953647e-06
1167,1,-6.02259635925293,17.965386962890626,95.87893524169922,17.9685281297603,17.865388365021047,-0.10314116686967481,-1.4021304210187768e-06
1167,2,-6.758206748962402,18.015113067626952,96.28380584716797,18.010764163767625,17.915114394134417,-0.09565109614067283,-1.3265074642332397e-06
1167,3,-6.4171806335449215,18.01732177734375,96.27154693603515,18.01075616169787,17.917322460605142,-0.09343438435412069,-6.832613927143516e-07
1167,4,-6.377012014389038,17.97671413421631,95.98628234863281,17.97909113929701,17.876715839064026,-0.10237700508070305,-1.7048477175818366e-06
1167,5,-6.870242357254028,18.041632652282715,96.47704696655273,18.031876179218973,17.941633458544146,-0.09024352693625773,-8.062614313131267e-07
1167,6,-5.9507293701171875,17.979475021362305,95.9709587097168,17.979081136709816,17.879475922152437,-0.0996061153475111,-9.007901326241186e-07
1168,0,-6.332820097605388,17.93600336710612,95.69996643066406,17.94732486717924,17.836004713083025,-0.1113215000731195,-1.345976903627255e-06
1168,1,-5.982691669464112,17.927424621582034,95.61205749511718,17.93891335902269,17.827426148918743,-0.11148873744065427,-1.5273367090229417e-06
1168,2,-6.297466564178467,17.90343475341797,95.47091369628906,17.921911849485028,17.803435812298222,-0.11847709606705906,-1.0588802531741326e-06
1168,3,-6.718302059173584,17.977150726318357,96.01692810058594,17.981149393030012,17.877152178032112,-0.10399866671165583,-1.4517137557901183e-06
1168,4,-5.850967645645142,17.88456916809082,95.30376434326172,17.90504420986578,17.78457038189667,-0.12047504177495796,-1.213805850858174e-06
1168,5,-6.770480632781982,17.94672679901123,95.80985260009766,17.957839280651218,17.846727789716688,-0.11111248163998724,-9.90705457587504e-07
1168,6,-6.377012014389038,17.97671413421631,95.98628234863281,17.97909113929701,17.876715839064026,-0.10237700508070305,-1.7048477175818366e-06
1169,0,-5.724422295888265,17.876216888427734,95.23551432291667,17.897934512797832,17.776217557399328,-0.12171762437009762,-6.68971593148493e-07
1169,1,-5.617652988433838,17.891552734375,95.33338623046875,17.90927914639384,17.79155385550852,-0.1177264120188383,-1.1211335206040562e-06
1169,2,-5.623186016082763,17.869535064697267,95.18091430664063,17.892246755143468,17.769535297801447,-0.12271169044620081,-2.3310417987532084e-07
1169,3,-5.932427883148193,17.86756286621094,95.19224243164062,17.89227763685618,17.767563518888004,-0.12471477064523953,-6.526770647552471e-07
1169,4,-5.4644153118133545,17.88703441619873,95.28960418701172,17.905005607724892,17.787035105538475,-0.11797119152616134,-6.893397447582661e-07
1169,5,-5.857883930206299,17.857047080993652,95.11317443847656,17.883753720802815,17.757047184762826,-0.12670663980916289,-1.0376917317089784e-07
1169,6,-5.850967645645142,17.88456916809082,95.30376434326172,17.90504420986578,17.78457038189667,-0.12047504177495796,-1.213805850858174e-06
1170,0,-5.774889787038167,17.96108627319336,96.12231953938802,17.96437942336768,17.861087035213412,-0.10329315017432208,-7.62020052752499e-07
1170,1,-5.647933483123779,17.942474365234375,95.86546936035155,17.94914601486954,17.842475440354114,-0.10667164963516598,-1.0751197393743528e-06
1170,2,-6.042517757415772,17.9944091796875,96.2580810546875,17.991374179836694,17.8944097099304,-0.0969650001491921,-5.302428988385177e-07
1170,3,-5.6342181205749515,17.9463752746582,96.243408203125,17.95261807539682,17.84637595535571,-0.10624280073861883,-6.806975093864853e-07
1170,4,-5.9507293701171875,17.979475021362305,95.9709587097168,17.979081136709816,17.879475922152437,-0.0996061153475111,-9.007901326241186e-07
1170,5,-5.933585166931152,17.98435115814209,96.4433822631836,17.983421183990366,17.884351528787526,-0.0990700258482761,-3.706454364815759e-07
1170,6,-5.440354824066162,17.919432640075684,95.95261764526367,17.930635977781424,17.81943369181717,-0.11120333770574078,-1.0517414871513697e-06
1171,0,-6.539956569671631,17.83555285135905,94.8276875813802,17.843123340232825,17.735553335231277,-0.10757048887377466,-4.838722262034967e-07
1171,1,-6.126257991790772,17.79140434265137,94.56416015625,17.817797049087467,17.6914047251179,-0.12639270643609848,-3.824665299190233e-07
1171,2,-7.071863269805909,17.872089767456053,94.97135620117187,17.85218202697953,17.772090346434634,-0.08009225952347734,-5.789785809950931e-07
1171,3,-6.421748447418213,17.843164443969727,94.94754638671876,17.85939094463147,17.743164934141298,-0.11622650066174459,-4.901715712490873e-07
1171,4,-6.687716722488403,17.826038360595703,94.67786407470703,17.822788834734514,17.72603883659375,-0.09675047413881047,-4.759980484492221e-07
1171,5,-7.057079792022705,17.890738487243652,95.15709686279297,17.874781204164517,17.790739097872997,-0.08404271692086454,-6.106293447827316e-07
1171,6,-5.875073194503784,17.789881706237793,94.64810180664062,17.831799981799442,17.689882071227082,-0.14191827556164896,-3.6498928893125004e-07
1172,1,-6.461111450195313,17.778796386718753,94.31102142333985,17.782119706863064,17.678796646239192,-0.10332332014431103,-2.595204392774608e-07
1172,4,-6.712206840515137,17.75836181640625,94.01525497436523,17.742606626238416,17.6583618740303,-0.08424480983216612,-5.7624051669202814e-08
1172,6,-6.687716722488403,17.826038360595703,94.67786407470703,17.822788834734514,17.72603883659375,-0.09675047413881047,-4.759980484492221e-07
1173,0,-6.314927895863851,17.733797709147137,93.93424479166667,17.739007658731612,17.633797809658624,-0.10520994958447574,-1.0051148749412597e-07
1173,1,-5.991240787506103,17.73035125732422,94.02809448242188,17.755327640186742,17.63035140977431,-0.12497638286252269,-1.5245009024611456e-07
1173,2,-5.997104740142822,17.714146423339844,93.8694366455078,17.73612848472617,17.61414655816128,-0.12198206138632486,-1.348214361540645e-07
1173,4,-5.513040065765381,17.704925537109375,93.97054672241211,17.755808668043723,17.60492574543155,-0.1508831309343485,-2.0832217587085644e-07
1173,5,-6.719536781311035,17.73810577392578,93.81693267822266,17.7186076819127,17.638105809514016,-0.08050190798691972,-3.5588234942318664e-08
1173,6,-6.712206840515137,17.75836181640625,94.01525497436523,17.742606626238416,17.6583618740303,-0.08424480983216612,-5.7624051669202814e-08
1174,0,-5.740492661794026,17.81309191385905,94.79840596516927,17.84910501715021,17.713092063650663,-0.13601310329116104,-1.4979161236383653e-07
1174,1,-5.646579647064209,17.777927780151366,94.54659118652343,17.821386054228135,17.677927966760937,-0.1434582740767695,-1.8660957082361485e-07
1174,2,-5.94207010269165,17.829687881469727,94.92997741699219,17.862979939467614,17.729688222638806,-0.13329205799788682,-3.411690791266242e-07
1174,3,-5.632828235626221,17.831660079956055,94.91864929199218,17.8629490577549,17.731660001552253,-0.13128897779884455,7.84038022005884e-08
1174,4,-5.875073194503784,17.789881706237793,94.64810180664062,17.831799981799442,17.689882071227082,-0.14191827556164896,-3.6498928893125004e-07
1174,5,-5.857883930206299,17.857047080993652,95.11317443847656,17.883753720802815,17.757047184762826,-0.12670663980916289,-1.0376917317089784e-07
1174,6,-5.488520860671997,17.792346954345703,94.63394165039062,17.831761364253474,17.69234686491549,-0.13941440990777068,8.943021398422069e-08
1176,1,-6.481984043121338,17.721226119995116,93.74734802246094,17.71390908280434,17.621226281039682,-0.09268296280922286,-1.610445664879112e-07
1176,6,-6.719536781311035,17.73810577392578,93.81693267822266,17.7186076819127,17.638105809514016,-0.08050190798691972,-3.5588234942318664e-08
1177,1,-6.417648792266846,17.690836715698243,93.47939453125,17.682634748933292,17.590836992783927,-0.09179803323504956,-2.7708568453577165e-07
1178,0,-6.229226589202881,17.624471028645832,92.91304016113281,17.61734521612295,17.524471094923776,-0.09287418747711698,-6.627794349456373e-08
1178,1,-5.94568395614624,17.64855041503906,93.2567138671875,17.66313101916097,17.548550529320373,-0.11458060412191032,-1.1428131188595536e-07
1178,2,-5.965648937225341,17.594342041015626,92.72583312988282,17.598883911233244,17.49434189976309,-0.10454187021761854,1.4125253641750213e-07
1178,4,-5.545326232910156,17.61690902709961,93.10862350463867,17.651500838808346,17.51690889396866,-0.1345918117087365,1.331309476826359e-07
1182,1,-5.899367904663086,17.508752059936523,91.92603149414062,17.503585565221968,17.40875201599056,-0.09483350528544535,4.394596117562877e-08
1182,2,-5.919665336608887,17.454555892944338,91.3951416015625,17.439332201816022,17.354555967327496,-0.08477630887168389,-7.438315777208437e-08
1182,4,-5.595654249191284,17.481403350830078,91.78141021728516,17.49087524964125,17.381403046193228,-0.10947189881117084,3.0463685049553213e-07
1189,4,-5.646790266036987,17.345945358276367,90.454345703125,17.330255054604443,17.2459455006698,-0.08430969632807575,-1.4239343429367501e-07
1197,4,-5.7513086795806885,17.15079402923584,87.80214309692383,17.134475271366878,17.050794563198455,-0.0836812421310377,-5.339626149292176e-07
1201,2,-6.267293453216553,17.082035827636716,86.09882659912108,17.06535916156379,16.98203616721531,-0.08332333392707483,-3.3957859316147143e-07
1201,4,-5.804603815078735,17.076486587524414,86.47772979736328,17.075030353588097,16.97648705526835,-0.09854376606368334,-4.6774393638870926e-07
1206,0,-6.6668877601623535,17.03978220621745,84.96761830647786,17.020390827987697,16.939782427198242,-0.08060862177024788,-2.2098079313637164e-07
1206,1,-6.332698535919189,17.039614868164062,85.30692291259766,17.03036522335644,16.939615039384673,-0.09075035519237887,-1.7122061138352684e-07
1206,2,-6.354390621185303,17.0099739074707,84.77817230224609,17.006639601807258,16.909973823419648,-0.09666569433655639,8.405105375586253e-08
1206,4,-5.858529806137085,17.002312660217285,85.15494155883789,17.015669789473076,16.90231243770804,-0.11335712925579103,2.225092444463339e-07
1208,1,-6.855777931213378,17.010269927978516,84.26987915039062,16.991709935077388,16.910269945655934,-0.08144000709887181,-1.7677417224470915e-08
1209,0,-6.721479098002116,16.96580759684245,83.64756774902344,16.96116585580227,16.865807873612773,-0.095358258959822,-2.7677032435335924e-07
1209,1,-6.3871454238891605,16.965589141845705,83.98614196777345,16.971104618496,16.86558909126837,-0.10551547665029518,5.05773357362127e-08
1209,2,-6.409063911437988,16.936011505126952,83.45825500488282,16.947422042325357,16.836011977863997,-0.11141053719840457,-4.7273704453787424e-07
1209,4,-5.913043022155762,16.92828941345215,83.83414459228516,16.956409542323293,16.82828952599629,-0.12812012887114435,-1.1254414147843228e-07
1209,5,-7.1393961906433105,16.96608066558838,83.22434997558594,16.948742402435105,16.86608135154328,-0.08266173684672609,-6.859549003535026e-07
1210,0,-6.409866174062093,16.871966044108074,82.20354970296223,16.89548400115666,16.771965642991585,-0.12351795704858617,4.0111648899610053e-07
1210,1,-6.2276740074157715,16.872268676757812,82.45902252197266,16.902055195154094,16.77226852544807,-0.129786518396282,1.5130974304056188e-07
1210,2,-6.244222545623779,16.861394500732423,82.06497344970704,16.89061126959533,16.761393951442358,-0.1292167688629057,5.492900655157396e-07
1210,3,-6.757701969146728,16.882234954833983,82.08665313720704,16.893785538720564,16.78223445208434,-0.11155058388658148,5.027496442211454e-07
1210,4,-5.975071430206299,16.859129905700684,82.34967041015625,16.897607079201784,16.75912963162565,-0.13847717350110003,2.740750325302965e-07
1210,5,-6.637606382369995,16.8715877532959,81.88420867919922,16.887270008659875,16.771587039920988,-0.11568225536397705,7.133749107823828e-07
1210,6,-6.616920709609985,16.885180473327637,82.37677001953125,16.90157491560833,16.785180257428124,-0.1163944422806921,2.1589951301748123e-07
1211,0,-6.74439271291097,16.934961318969727,83.09697723388672,16.93646559074828,16.83496183949822,-0.10150427177855406,-5.205284935583254e-07
1211,1,-6.428389930725097,16.910065841674804,82.99507904052734,16.926644141398818,16.81006622986217,-0.1165782997240136,-3.8818736528001274e-07
1211,3,-6.4228120803833,16.91750373840332,83.12790069580078,16.932601883292964,16.81750435739526,-0.11509814488964523,-6.189919425081403e-07
1211,4,-7.146368503570557,16.956783294677734,83.05832290649414,16.941295225067424,16.856783692126918,-0.0845119303896901,-3.974491832592353e-07
1211,5,-7.1393961906433105,16.96608066558838,83.22434997558594,16.948742402435105,16.86608135154328,-0.08266173684672609,-6.859549003535026e-07
1211,6,-5.947413444519043,16.882019996643066,83.00825881958008,16.91935914474231,16.78202047482446,-0.13733914809924244,-4.781813935095247e-07
1212,1,-6.919025802612305,16.925231170654296,82.75189208984375,16.923612124105322,16.825231397962924,-0.09838095345102574,-2.2730862739295254e-07
1212,4,-7.1740031242370605,16.919933319091797,82.4002914428711,16.911779101508568,16.819933395076344,-0.09184578241677102,-7.598454701551738e-08
1212,6,-7.146368503570557,16.956783294677734,83.05832290649414,16.941295225067424,16.856783692126918,-0.0845119303896901,-3.974491832592353e-07
1213,0,-7.209153970082601,16.91250165303548,82.23729705810547,16.904932009855674,16.812501474205604,-0.09243035682019354,1.78829876767983e-07
1213,1,-6.707246685028076,16.896590042114255,82.4792709350586,16.907723992863254,16.7965900106866,-0.1111339507489987,3.142765478414411e-08
1213,2,-7.237274646759033,16.90655632019043,82.10690155029296,16.899454336533356,16.806555937509014,-0.0928980163429273,3.826814150842406e-07
1213,4,-6.616920709609985,16.885180473327637,82.37677001953125,16.90157491560833,16.785180257428124,-0.1163944422806921,2.1589951301748123e-07
1213,6,-7.1740031242370605,16.919933319091797,82.4002914428711,16.911779101508568,16.819933395076344,-0.09184578241677102,-7.598454701551738e-08
1214,0,-7.235047499338786,16.887481689453125,81.62382253011067,16.882609308654548,16.787481268908877,-0.09512761920142268,4.205442479532362e-07
1214,1,-6.739331340789795,16.870703887939452,81.7171371459961,16.88288645409406,16.770703326992734,-0.1121825661546069,5.6094671804785e-07
1214,3,-7.252810764312745,16.891544342041016,81.73881683349609,16.886060723219295,16.79154382763471,-0.09451638117827912,5.144063038586832e-07
1214,4,-7.212843418121338,16.88240337371826,81.4800796508789,16.878295040448613,16.782403070501587,-0.09589166673035124,3.032166745187137e-07
1214,6,-6.637606382369995,16.8715877532959,81.88420867919922,16.887270008659875,16.771587039920988,-0.11568225536397705,7.133749107823828e-07
1215,0,-7.62501843770345,16.890482584635418,81.20176951090495,16.872193572087614,16.790482461173646,-0.0817109874521961,1.234617720002884e-07
1215,1,-6.973313903808593,16.872504425048827,81.46390533447266,16.8766370121539,16.772504042351596,-0.10413258710507237,3.826972317655386e-07
1215,4,-7.222562789916992,16.876089096069336,81.25112915039062,16.87164640380947,16.77608882831814,-0.0955573077401354,2.677511950766043e-07
1215,6,-7.212843418121338,16.88240337371826,81.4800796508789,16.878295040448613,16.782403070501587,-0.09589166673035124,3.032166745187137e-07
1216,0,-6.832225322723389,16.853822708129883,81.01503245035808,16.8628096906819,16.75382257595453,-0.1089869825520168,1.3217535296816685e-07
1216,1,-6.4976380348205565,16.85050849914551,81.35186309814452,16.87100668331047,16.750508111220125,-0.12049818416496053,3.8792538389897935e-07
1216,2,-6.519955348968506,16.83600959777832,80.82615509033204,16.855740320179844,16.73600957406364,-0.11973072240152263,2.3714681413045113e-08
1216,3,-7.4790825843811035,16.87495002746582,80.86707916259766,16.861682068555385,16.774950042579825,-0.0867320410895637,-1.5114002854810238e-08
1216,4,-6.023653745651245,16.82741355895996,81.1999740600586,16.864219218340043,16.72741324267291,-0.1368056593800823,3.162870512996019e-07
1216,5,-7.250459432601929,16.85796546936035,80.593994140625,16.852563449896188,16.757965656872535,-0.09459798053583626,-1.8751218391899194e-07
1216,6,-7.222562789916992,16.876089096069336,81.25112915039062,16.87164640380947,16.77608882831814,-0.0955573077401354,2.677511950766043e-07
1218,0,-7.66882340113322,16.862155278523762,80.1743876139323,16.84235973063777,16.762155727097696,-0.08020445211400898,-4.4857393391439793e-07
1218,1,-7.0219141960144045,16.84100914001465,80.32176818847657,16.843470344153367,16.74100946474954,-0.10246120413871865,-3.24734890005951e-07
1218,4,-7.278550863265991,16.83991241455078,79.93900680541992,16.83354427827385,16.73991296938766,-0.093631863723067,-5.548368790242453e-07
1218,6,-7.250459432601929,16.85796546936035,80.593994140625,16.852563449896188,16.757965656872535,-0.09459798053583626,-1.8751218391899194e-07
1219,0,-6.888292948404948,16.817660649617512,79.70328521728516,16.824718930570654,16.717660819442084,-0.10705828095314232,-1.698245725434422e-07
1219,1,-6.553595924377442,16.814312362670897,80.03910675048829,16.8328858641131,16.714312520156174,-0.1185735014422015,-1.5748527673609125e-07
1219,2,-6.576086616516113,16.799859237670898,79.51470794677735,16.8176586524081,16.69985909948562,-0.11779941473720115,1.3818527619391396e-07
1219,3,-7.535196304321289,16.83881034851074,79.55604095458985,16.82361227519077,16.738810838684454,-0.08480192668002787,-4.901737135354356e-07
1219,4,-6.0796637535095215,16.791223526000977,79.8873405456543,16.826102249795515,16.691223295389122,-0.13487872379453805,2.30611854584728e-07
1219,5,-7.306664228439331,16.82184600830078,79.28350830078125,16.814510263642607,16.721846193549474,-0.09266425534182546,-1.8524869319080928e-07
1219,6,-7.278550863265991,16.83991241455078,79.93900680541992,16.83354427827385,16.73991296938766,-0.093631863723067,-5.548368790242453e-07
1221,1,-7.071329593658447,16.809282302856445,79.1705825805664,16.810043044248488,16.70928229890122,-0.10076074139204252,3.955226896001918e-09
1221,4,-7.3177711963653564,16.814781188964844,79.02702713012695,16.807063229396487,16.714781293928112,-0.09228204043164326,-1.0496326866005212e-07
1221,6,-7.306664228439331,16.82184600830078,79.28350830078125,16.814510263642607,16.721846193549474,-0.09266425534182546,-1.8524869319080928e-07
1222,0,-7.370844999949138,16.806676864624023,78.67855072021484,16.797132975295614,16.706677041140306,-0.09045611067159101,-1.765162828404332e-07
1222,1,-6.865617847442627,16.793268966674805,78.89986724853514,16.801107079243074,16.693268832504554,-0.10783811256826895,1.3417025143680483e-07
1222,2,-7.413304042816162,16.80019340515137,78.39976959228515,16.789188772014914,16.70019363891006,-0.08899536686354495,-2.3375869276365258e-07
1222,4,-6.79238486289978,16.78181266784668,78.60671997070312,16.79217035112907,16.68181252755781,-0.11035768328238973,1.4028886993755485e-07
1222,6,-7.3177711963653564,16.814781188964844,79.02702713012695,16.807063229396487,16.714781293928112,-0.09228204043164326,-1.0496326866005212e-07
1223,0,-6.583053906758626,16.766923268636067,78.37931060791016,16.78448316577408,16.6669233220918,-0.11755989713801399,-5.34557344222808e-08
1223,1,-6.39294319152832,16.76941680908203,78.72032318115234,16.793517193530157,16.66941660107545,-0.12410038444812557,2.0800658048769627e-07
1223,2,-6.415589141845703,16.755011749267577,78.19738311767578,16.778333417490092,16.655011957718987,-0.12332166822251481,-2.084514093836365e-07
1223,3,-6.940629386901856,16.77634124755859,78.22022552490233,16.781598886301996,16.676341407480955,-0.10525763874340513,-1.5992236371276114e-07
1223,4,-6.13608455657959,16.75515079498291,78.57816696166992,16.78808851511419,16.65515071535535,-0.1329377201312795,7.962755929624699e-08
1223,5,-6.820692300796509,16.763806343078613,77.95304489135742,16.77319063107899,16.66380672336223,-0.10938428800037628,-3.802836182897895e-07
1223,6,-6.79238486289978,16.78181266784668,78.60671997070312,16.79217035112907,16.68181252755781,-0.11035768328238973,1.4028886993755485e-07
1224,0,-7.415146032969157,16.766589482625324,77.65848541259766,16.755521546962427,16.666589787428165,-0.0889320643371029,-3.04802841105678e-07
1224,1,-6.931616115570068,16.744246292114255,77.38111419677735,16.74981417910311,16.644246599174267,-0.10556788698885669,-3.070600115562261e-07
1224,3,-7.439884662628174,16.77614097595215,77.78773040771483,16.764221981898643,16.67614135356642,-0.08808100594649418,-3.7761426910365437e-07
1224,4,-7.384222745895386,16.754650115966797,77.49692916870117,16.744646003292154,16.65465032975535,-0.08999588732535671,-2.1378855166731547e-07
1224,6,-6.841656923294067,16.75059986114502,77.47332763671875,16.759262880808556,16.650600259783605,-0.10866301966353689,-3.9863858561361987e-07
1225,1,-7.1600260734558105,16.726878356933593,77.13007202148438,16.724587828470845,16.626878680665833,-0.09770947153725232,-3.2373223959880626e-07
1225,4,-7.412681818008423,16.70718002319336,76.84572219848633,16.696197004227898,16.60718046351252,-0.0890169810345384,-4.403191610491408e-07
1225,6,-7.384222745895386,16.754650115966797,77.49692916870117,16.744646003292154,16.65465032975535,-0.08999588732535671,-2.1378855166731547e-07
1226,0,-7.0155714352925616,16.700007756551106,76.77086385091145,16.70268688075764,16.600007779017663,-0.1026791242065336,-2.2466556975908603e-08
1226,1,-6.6918713569641115,16.704297256469726,76.84854125976562,16.718113379380238,16.60429739412796,-0.11381612291051227,-1.3765823539402255e-07
1226,2,-6.697883129119873,16.694269943237305,76.71097717285156,16.707878781981435,16.594269631421774,-0.11360883874412978,3.118155312564763e-07
1226,3,-7.656959819793701,16.70145606994629,76.7530731201172,16.682068480911248,16.601456311503252,-0.08061241096495878,-2.415569632374659e-07
1226,4,-6.213835954666138,16.69819736480713,76.7931022644043,16.728459880565634,16.59819711341068,-0.1302625157585048,2.5139644818650275e-07
1226,5,-7.420196533203125,16.694645881652832,76.67376708984375,16.68340375747939,16.594645760129787,-0.08875787582655761,1.2152304548762594e-07
1226,6,-7.412681818008423,16.70718002319336,76.84572219848633,16.696197004227898,16.60718046351252,-0.0890169810345384,-4.403191610491408e-07
1227,0,-6.615901947021484,16.74611473083496,77.62371571858723,16.76254479091707,16.646115082265656,-0.1164300600821079,-3.514306946839074e-07
1227,1,-6.452069664001464,16.73196144104004,77.3602523803711,16.754028118787534,16.631961769388397,-0.12206667774749605,-3.283483586413727e-07
1227,2,-6.960338211059571,16.76385612487793,77.7668685913086,16.768435861387786,16.66385646358527,-0.10457973650985722,-3.387073398697371e-07
1227,3,-6.435297966003418,16.742526626586915,77.74402618408203,16.765170392575886,16.642527013823305,-0.12264376598897045,-3.8723638909332614e-07
1227,4,-6.841656923294067,16.75059986114502,77.47332763671875,16.759262880808556,16.650600259783605,-0.10866301966353689,-3.9863858561361987e-07
1227,5,-6.820692300796509,16.763806343078613,77.95304489135742,16.77319063107899,16.66380672336223,-0.10938428800037628,-3.802836182897895e-07
1227,6,-6.185356616973877,16.72393798828125,77.44477462768555,16.755180952828667,16.623938355616136,-0.13124296454741682,-3.6733488642526346e-07
1228,1,-7.191871452331543,16.67392501831055,76.40362701416015,16.670538252556806,16.573924743272407,-0.09661323424625792,2.7503814123419623e-07
1228,4,-7.4488067626953125,16.647335052490234,76.02472686767578,16.63510855700406,16.54733489303726,-0.08777350451382518,1.5945297490715937e-07
1228,6,-7.420196533203125,16.694645881652832,76.67376708984375,16.68340375747939,16.594645760129787,-0.08875787582655761,1.2152304548762594e-07
1229,0,-7.058741092681885,16.628548940022785,75.79054514567058,16.629742501609513,16.52854864957381,-0.10119356158672801,2.904489747324046e-07
1229,1,-6.723784923553467,16.651394653320313,76.12278594970704,16.66411215449256,16.551394153755464,-0.11271750117224713,4.995648495709215e-07
1229,2,-6.746688556671143,16.613520050048827,75.6031997680664,16.625449657293878,16.51351965480305,-0.111929607245051,3.9524577530314353e-07
1229,4,-6.249980211257935,16.638319969177246,75.97166442871094,16.667338512318775,16.53831928633743,-0.12901854314152886,6.828398163294391e-07
1229,5,-7.477436304092407,16.59999179840088,75.375244140625,16.586780435505705,16.499991769346742,-0.08678863710482645,2.9054136513329e-08
1229,6,-7.4488067626953125,16.647335052490234,76.02472686767578,16.63510855700406,16.54733489303726,-0.08777350451382518,1.5945297490715937e-07
1230,1,-7.249166584014893,16.579333114624024,75.10595397949218,16.573975377027015,16.47933310361835,-0.0946422624029907,1.1005672456709803e-08
1230,4,-7.50617527961731,16.552852630615234,74.72854995727539,16.538652811651616,16.452852908375682,-0.08580018103638168,-2.7776044789207255e-07
1230,6,-7.477436304092407,16.59999179840088,75.375244140625,16.586780435505705,16.499991769346742,-0.08678863710482645,2.9054136513329e-08
1231,0,-7.116158485412598,16.534114201863606,74.4950180053711,16.533332770968883,16.43411436119357,-0.09921856910527752,-1.5932996291767587e-07
1231,1,-6.781138992309571,16.55685920715332,74.82588348388671,16.567603818909497,16.456859081774905,-0.11074461175617714,1.2537841484472345e-07
1231,2,-6.804145050048828,16.519123458862303,74.30819244384766,16.52907673842269,16.41912352344788,-0.1099532795603885,-6.4585576359244e-08
1231,4,-6.307367324829102,16.54380702972412,74.67506790161133,16.570851540211915,16.44380671473813,-0.12704451048779433,3.149859907070063e-07
1231,5,-7.534932851791382,16.505682945251465,74.08143615722656,16.490493961043114,16.4056834604669,-0.08481101579164943,-5.15215435120675e-07
1231,6,-7.50617527961731,16.552852630615234,74.72854995727539,16.538652811651616,16.452852908375682,-0.08580018103638168,-2.7776044789207255e-07
1232,1,-7.3067093849182125,16.48509292602539,73.81307678222656,16.47775553362007,16.385093017133126,-0.09266260759467784,-9.110773505072167e-08
1232,4,-7.5637781620025635,16.458730697631836,73.4372787475586,16.44254852820536,16.358730448951246,-0.08381783057352479,2.486805904255984e-07
1232,6,-7.534932851791382,16.505682945251465,74.08143615722656,16.490493961043114,16.4056834604669,-0.08481101579164943,-5.15215435120675e-07
1233,0,-7.1738026936848955,16.44004503885905,73.20447285970052,16.437280305385116,16.34004514144651,-0.0972352665260651,-1.0258745888891418e-07
1233,1,-6.838731575012207,16.46268196105957,73.53386535644532,16.471445259072432,16.362681991599644,-0.10876329801286247,-3.054007394198699e-08
1233,2,-6.861822319030762,16.42509651184082,73.01822814941406,16.433065727128916,16.325096895442723,-0.10796921528809592,-3.836019026037807e-07
1233,4,-6.364988327026367,16.449655532836914,73.38340759277344,16.474718274674014,16.349655896633195,-0.12506274183710034,-3.637962805724815e-07
1233,5,-7.592641592025757,16.4117488861084,72.79273223876953,16.394574113275965,16.311749078755092,-0.0828252271675666,-1.9264669362528686e-07
1233,6,-7.5637781620025635,16.458730697631836,73.4372787475586,16.44254852820536,16.358730448951246,-0.08381783057352479,2.486805904255984e-07
1234,1,-7.364455890655518,16.391232299804688,72.52538146972657,16.381908259819625,16.291232508708084,-0.09067596001493641,-2.0890339627599452e-07
1234,4,-7.621572256088257,16.364995002746582,72.15129089355469,16.34682460640078,16.264994929796593,-0.08182960365419803,7.294998879969761e-08
1234,6,-7.592641592025757,16.4117488861084,72.79273223876953,16.394574113275965,16.311749078755092,-0.0828252271675666,-1.9264669362528686e-07
1235,0,-7.231630166371663,16.34636688232422,71.91927083333333,16.341612808482488,16.246367195582764,-0.0952459261582689,-3.1325854479846704e-07
1235,1,-6.896518802642823,16.368889617919923,72.24710693359376,16.375665228987344,16.268890127924475,-0.10677561106742176,-5.100045527284269e-07
1235,2,-6.919676494598389,16.33146438598633,71.73365478515625,16.33744337014786,16.2314650082117,-0.10597898416152987,-6.222253702559133e-07
1235,4,-6.4227988719940186,16.355892181396484,72.0970458984375,16.378966536195268,16.255893126796074,-0.12307435479878351,-9.453995900854384e-07
1235,5,-7.650519371032715,16.31821346282959,71.50947570800781,16.299047282851426,16.218213530155627,-0.08083382002183584,-6.732603666237402e-08
1235,6,-7.621572256088257,16.364995002746582,72.15129089355469,16.34682460640078,16.264994929796593,-0.08182960365419803,7.294998879969761e-08
1236,1,-7.422361946105957,16.297776031494138,71.243212890625,16.28646008794812,16.197776591511154,-0.08868405645398383,-5.60017016232317e-07
1236,6,-7.650519371032715,16.31821346282959,71.50947570800781,16.299047282851426,16.218213530155627,-0.08083382002183584,-6.732603666237402e-08
1237,0,-7.2895965576171875,16.253106435139973,70.63977559407552,16.2463581936804,16.153106911304977,-0.09325175854042769,-4.7616500467584366e-07
1237,1,-6.954456329345702,16.27550811767578,70.96595764160156,16.280290601266607,16.17550883764503,-0.10478248359082656,-7.199692490245102e-07
1237,2,-6.977663803100586,16.23825454711914,70.45484313964843,16.242238084067985,16.1382547723132,-0.10398353694884435,-2.2519405931675784e-07
1237,4,-6.48075532913208,16.26254367828369,70.81633758544922,16.283623566147632,16.16254414549032,-0.12107988786394089,-4.6720662752464115e-07
1238,1,-7.48038387298584,16.204752731323243,69.96694793701172,16.191439877781775,16.104752622569578,-0.08668714645853229,1.0875366526774677e-07
1239,0,-7.347657839457194,16.16029167175293,69.36636352539062,16.15154529411553,16.060291606970132,-0.09125362236259918,6.478279743205029e-08
1239,1,-7.0125005722045906,16.182565689086914,69.6907958984375,16.185350344329063,16.082565589712296,-0.10278465524214866,9.937461839526485e-08
1239,2,-7.035739707946778,16.145493698120116,69.18217468261719,16.14747908906226,16.04549387564123,-0.10198539094214212,-1.7752111461377673e-07
1239,4,-6.538813591003418,16.169636726379395,69.54166793823242,16.188718850565856,16.069636921236707,-0.11908212418646116,-1.948573128685016e-07
1240,1,-7.538476943969727,16.11218795776367,68.69696502685547,16.096876632208296,16.012188065929877,-0.0846886744446266,-1.0816620701903368e-07
1241,0,-7.405769507090251,16.06794802347819,68.09940338134766,16.057202399711407,15.967948041316486,-0.089254376233216,-1.7838294757988038e-08
1241,1,-7.070606708526611,16.09008750915527,68.4219985961914,16.090873352419784,15.990087736249041,-0.10078584326451293,-2.2709376992779973e-07
1241,2,-7.093859767913818,16.053208541870116,67.91601104736327,16.053194152735774,15.953208556803016,-0.0999856108656573,-1.4932899722319704e-08
1241,4,-6.596928834915161,16.077198028564453,68.27340698242188,16.09428078187734,15.977198304340344,-0.1170827533128879,-2.7577589137295355e-07
1242,1,-7.596597003936767,16.020108795166017,67.4336196899414,16.002797664155395,15.920108715365249,-0.0826888689893778,7.980076829894323e-08
1243,0,-7.463887532552083,15.976101875305176,66.83925120035808,15.963356856737544,15.876102045833857,-0.08725498143236834,-1.7052868131472998e-07
1243,1,-7.128730583190918,15.99810085296631,67.15991973876953,15.996886826951457,15.898100959513437,-0.09878597398514657,-1.0654712703783709e-07
1243,2,-7.151980018615722,15.961424446105958,66.65670928955078,15.959410693786463,15.8614247219042,-0.0979862476805046,-2.757982414947069e-07
1243,4,-6.655056953430176,15.985253810882568,67.01190948486328,16.000336615816085,15.885254033021265,-0.11508280493351677,-2.2213869713127998e-07
1244,1,-7.654699802398681,15.928540802001955,66.17727661132812,15.909230958513419,15.828541033330403,-0.0806901565114643,-2.3132844831352806e-07
1245,0,-7.52196725209554,15.884780883789062,65.58628590901692,15.870037703338395,15.784781122012912,-0.08525681954933298,-2.382238498965794e-07
1245,1,-7.186827850341796,15.906631851196288,65.9049301147461,15.903419201746976,15.806632167611635,-0.09678735055068835,-3.164153476176157e-07
1245,2,-7.210055923461914,15.870169830322265,65.40465240478515,15.866158043902338,15.770170170353827,-0.09598821358007328,-3.4003156237916166e-07
1245,4,-6.713153839111328,15.8938307762146,65.75754928588867,15.906915002054047,15.79383123943746,-0.11308422583944769,-4.632228595424781e-07
1247,0,-7.579965909322103,15.794011751810709,64.34087371826172,15.777272990918316,15.69401185022645,-0.08326123910760722,-9.841574169500156e-08
1247,1,-7.244855117797852,15.815708351135253,64.65740509033203,15.81049921645029,15.71570860728195,-0.09479086531503747,-2.561466971029436e-07
1247,2,-7.268044662475586,15.779471015930175,64.16020050048829,15.773463810342538,15.679471036192073,-0.09399279441236211,-2.026189740989004e-08
1247,4,-6.771175861358643,15.802956581115723,64.51069641113281,15.814044297113561,15.702956779002854,-0.11108771599783865,-1.978871310426289e-07
1248,0,-7.137916247049968,15.729021708170572,63.06244405110677,15.739979398127776,15.629021712275147,-0.1109576899572037,-4.10457481891946e-09
1248,1,-7.003795051574707,15.738951492309571,63.37221221923828,15.749528462750511,15.638951489886804,-0.11057697044094042,2.4227674033650004e-09
1248,2,-7.025947952270508,15.740876770019531,62.899160766601554,15.765677057024856,15.640876825003692,-0.12480028700532522,-5.498416158489228e-08
1248,3,-7.384005737304687,15.707236862182617,62.915959167480466,15.704732674607955,15.60723682193494,-0.09749581242533836,4.0247676830196255e-08
1248,4,-6.830304384231567,15.756252765655518,63.24555015563965,15.78403780252755,15.656252825200403,-0.12778503687203227,-5.9544884939422005e-08
1248,5,-7.305567741394043,15.716609477996826,62.67523384094238,15.728043067349354,15.616609490260574,-0.11143358935252792,-1.2263747711793727e-08
1248,6,-7.277876615524292,15.714202880859375,63.26654815673828,15.707857324506424,15.614202821364465,-0.09365444364704914,5.949490997081419e-08
1249,0,-7.600107351938884,15.762542724609375,63.9090944925944,15.745110840532586,15.662542665073694,-0.08256811592321114,5.9535680912992106e-08
1249,1,-7.281109714508057,15.759064102172852,63.880202484130855,15.752607345755973,15.659064074006986,-0.09354324358312063,2.8165865723073225e-08
1249,3,-7.280129528045655,15.760589599609375,63.90113296508789,15.754166520111099,15.660589525100418,-0.09357692050172375,7.45089568654489e-08
1249,6,-6.8013880252838135,15.75575304031372,63.863027572631836,15.765801071534963,15.655753001273716,-0.11004803122124188,3.904000464571844e-08
1251,1,-7.483267688751221,15.724449157714844,63.39470672607422,15.711037235390945,15.62444919770262,-0.08658807767610135,-3.998777700631173e-08
1251,4,-7.277876615524292,15.714202880859375,63.26654815673828,15.707857324506424,15.614202821364465,-0.09365444364704914,5.949490997081419e-08
1252,0,-7.783285140991211,15.675189336140951,62.2880007425944,15.663943123026637,15.575189297376166,-0.08875378688568639,3.876478479880596e-08
1252,1,-7.413169288635254,15.708577346801757,62.43449478149414,15.720055291964172,15.608577376064302,-0.11147794516241519,-2.926254474844292e-08
1252,3,-7.771227073669433,15.674937438964843,62.45129318237305,15.659110909547271,15.574937372995553,-0.08417347058242833,6.596929011393193e-08
1252,4,-7.798357725143433,15.675504207611084,62.083885192871094,15.66998338987584,15.575504202851931,-0.0944791822647563,4.759152710809289e-09
1252,6,-7.305567741394043,15.716609477996826,62.67523384094238,15.728043067349354,15.616609490260574,-0.11143358935252792,-1.2263747711793727e-08
1253,0,-7.504119237263997,15.704880078633627,61.86516189575195,15.728674994049289,15.60488010713112,-0.12379491541566204,-2.8497492726708984e-08
1253,1,-7.245669746398926,15.726391792297362,62.18079147338867,15.758894414577764,15.626391861917277,-0.13250262228040235,-6.96199155270083e-08
1253,2,-7.268728446960449,15.72838077545166,61.69018325805664,15.775628277388048,15.628380830554473,-0.14724750193638805,-5.510281333998002e-08
1253,3,-7.9979595184326175,15.659867668151854,61.72451095581055,15.651502290182053,15.559867628921612,-0.09163462203019926,3.923024180507717e-08
1253,4,-6.886818885803223,15.76114559173584,62.04097557067871,15.825140873883331,15.661145704893006,-0.1639952821474914,-1.1315716577642299e-07
1253,5,-7.827181100845337,15.677990436553955,61.470624923706055,15.690900718388693,15.577990413648427,-0.11291028183473842,2.2905527780059387e-08
1253,6,-7.798357725143433,15.675504207611084,62.083885192871094,15.66998338987584,15.575504202851931,-0.0944791822647563,4.759152710809289e-09
1256,0,-7.578686237335205,15.721749623616537,60.42432530721029,15.772916955933184,15.621749703226069,-0.1511673323166466,-7.960953177232888e-08
1256,1,-7.325948810577393,15.739571762084962,60.56099014282227,15.811194997163547,15.63957191675123,-0.17162323507858482,-1.546662677098798e-07
1256,2,-7.336434841156006,15.754473114013672,60.33858871459961,15.814274328505157,15.654473220973056,-0.15980121449148435,-1.069593839331251e-07
1256,3,-8.073675060272217,15.671203994750977,60.37339706420898,15.693281542130844,15.57120397195392,-0.12207754737986712,2.279705632601825e-08
1256,4,-6.95995020866394,15.784931659698486,60.487985610961914,15.872461223186107,15.684931867316259,-0.18752956348762098,-2.076177722243333e-07
1256,5,-7.894608020782471,15.699471950531006,60.25349426269531,15.72506940439523,15.599471936319619,-0.12559745386422386,1.421138726143134e-08
1256,6,-7.881500482559204,15.680845260620117,60.53149604797363,15.721220240218216,15.580845306042336,-0.14037497959809855,-4.5422219235868866e-08
1257,0,-7.533734957377116,15.707428614298502,61.23574574788412,15.750137819550616,15.607428726622212,-0.1427092052521143,-1.1232370980551742e-07
1257,1,-7.298978042602539,15.73097915649414,61.04784240722657,15.797527500480157,15.63097937700124,-0.1665483439860175,-2.2050710093979298e-07
1257,2,-8.015728950500488,15.661396789550782,61.34686126708985,15.66437998548285,15.561396800616265,-0.10298319593206742,-1.1065483113137375e-08
1257,3,-7.28649787902832,15.729909896850586,61.31253356933594,15.788505972688842,15.629910002249126,-0.15859607583825622,-1.053985400345514e-07
1257,4,-7.84278130531311,15.679327011108398,61.139760971069336,15.702177628127833,15.579327132088565,-0.1228506170194347,-1.2098016669015443e-07
1257,5,-7.827181100845337,15.677990436553955,61.470624923706055,15.690900718388693,15.577990413648427,-0.11291028183473842,2.2905527780059387e-08
1257,6,-6.9312424659729,15.764968395233154,61.09685134887695,15.857335112135326,15.664968634129641,-0.19236671690217158,-2.3889648695374355e-07
1258,0,-8.344780445098877,15.633371988932291,61.020328521728516,15.62274079462714,15.533372031793359,-0.08936880569484842,-4.2861067944821585e-08
1258,1,-7.785605335235596,15.686545181274415,60.91859207153321,15.721089285526071,15.58654536010393,-0.13454410425165655,-1.7882951511283274e-07
1258,4,-8.147810697555542,15.653883457183838,60.773725509643555,15.666239574750108,15.553883591886363,-0.11235611756627009,-1.347025250508782e-07
1258,6,-7.84278130531311,15.679327011108398,61.139760971069336,15.702177628127833,15.579327132088565,-0.1228506170194347,-1.2098016669015443e-07
1259,0,-8.555336157480875,15.617026646931967,60.623541514078774,15.603988759236708,15.517026848083272,-0.08696211230474163,-2.011513057509351e-07
1259,1,-7.911938762664795,15.67673797607422,60.68051986694336,15.709838064291812,15.576738249877877,-0.13310008821759248,-2.738036574412295e-07
1259,4,-8.158614873886108,15.65480899810791,60.54458045959473,15.674049575042185,15.554809356523435,-0.1192405769342745,-3.5841552517568154e-07
1259,6,-8.147810697555542,15.653883457183838,60.773725509643555,15.666239574750108,15.553883591886363,-0.11235611756627009,-1.347025250508782e-07
1260,0,-8.377796014149984,15.635001182556152,60.46205520629883,15.640642531893267,15.535001337634133,-0.10564134933711458,-1.5507798103997494e-07
1260,1,-7.80541467666626,15.687522697448731,60.58362808227539,15.731830327885747,15.587522943608393,-0.14430763043701625,-2.4615966190411065e-07
1260,2,-8.553140926361085,15.619154930114746,60.39603500366211,15.613916897374128,15.51915492252269,-0.09476196725938238,7.592056400218539e-09
1260,4,-7.881500482559204,15.680845260620117,60.53149604797363,15.721220240218216,15.580845306042336,-0.14037497959809855,-4.5422219235868866e-08
1260,6,-8.158614873886108,15.65480899810791,60.54458045959473,15.674049575042185,15.554809356523435,-0.1192405769342745,-3.5841552517568154e-07
1262,0,-8.389169375101725,15.64764372507731,60.220987955729164,15.645106979175475,15.547643582399274,-0.0974632540981645,1.4267803613576824e-07
1262,1,-7.822724723815918,15.710009574890137,60.21658630371093,15.73758834245053,15.61000954847698,-0.12757876756039402,2.641315752227591e-08
1262,3,-8.55996494293213,15.626740455627441,60.25139465332031,15.616595556076218,15.526740299457842,-0.08985510044877679,1.561695995577761e-07
1262,4,-8.17567491531372,15.673772811889648,60.182979583740234,15.680746258049542,15.573772686076065,-0.10697344615989338,1.2581358319052605e-07
1262,6,-7.894608020782471,15.699471950531006,60.25349426269531,15.72506940439523,15.599471936319619,-0.12559745386422386,1.421138726143134e-08
1263,1,-7.9395397186279295,15.705946731567382,60.09557342529297,15.721142039885335,15.60594672249097,-0.1151953083179528,9.076412149644497e-09
1263,4,-8.1866455078125,15.689314842224121,59.95096206665039,15.683953647982232,15.58931487135459,-0.09463880575811104,-2.9130469064719833e-08
1263,6,-8.17567491531372,15.673772811889648,60.182979583740234,15.680746258049542,15.573772686076065,-0.10697344615989338,1.2581358319052605e-07
1264,1,-7.695871353149413,15.748530387878418,59.87535705566407,15.765626648364583,15.648530396288397,-0.11709626048616464,-8.40997885220851e-09
1264,4,-7.566504001617432,15.780231952667236,59.63243865966797,15.791957779247662,15.680231870569633,-0.11172582658042565,8.209760302135827e-08
1264,6,-8.1866455078125,15.689314842224121,59.95096206665039,15.683953647982232,15.58931487135459,-0.09463880575811104,-2.9130469064719833e-08
1265,0,-7.3877363204956055,15.814993858337402,59.422097524007164,15.825644478340546,15.714993665641558,-0.11065062000314399,1.926958446973881e-07
1265,1,-7.221864891052245,15.810419654846191,59.73725204467773,15.845910841949577,15.71041959842235,-0.13549118710338562,5.642384123816235e-08
1265,2,-7.244722175598145,15.842803382873536,59.25382461547851,15.852593837614853,15.742803101699094,-0.10979045474131724,2.8117444159092564e-07
1265,3,-7.696621894836426,15.79175853729248,59.27521591186523,15.778428755457211,15.691758296803226,-0.08667021816473089,2.4048925481579e-07
1265,4,-7.00162935256958,15.844038009643555,59.60569953918457,15.884664131944717,15.744037876689468,-0.1406261223011626,1.3295408649027785e-07
1265,6,-7.566504001617432,15.780231952667236,59.63243865966797,15.791957779247662,15.680231870569633,-0.11172582658042565,8.209760302135827e-08
1270,0,-7.414908409118652,15.853461583455404,58.8478151957194,15.83358036661468,15.753461209989808,-0.08011878315927526,3.734655958653743e-07
1270,1,-7.270774650573731,15.879661560058594,58.70354385375976,15.860195440843016,15.779661178249206,-0.08053388078442261,3.818093873009243e-07
1270,3,-7.261025428771973,15.865884017944337,58.90925521850586,15.85735537057933,15.765883628308043,-0.09147135263499387,3.896362944233456e-07
1270,6,-7.04238748550415,15.901739597320557,58.74427604675293,15.896567964355917,15.801739193211848,-0.09482836703536038,4.0410870880136507e-07
1359,1,-8.355302906036377,15.435526466369629,39.42768249511719,15.422348259735518,15.335526213934017,-0.08682179336588938,2.524356116084814e-07
1359,2,-8.36063642501831,15.43545627593994,39.311029052734376,15.421716131657412,15.33545615422187,-0.08625985571747244,1.2171806992866685e-07
1359,4,-7.954911470413208,15.51641845703125,39.380306243896484,15.524594143820842,15.416418150830205,-0.10817568678959191,3.0620104460310493e-07
1360,5,-7.909714221954346,15.492478847503662,40.36885452270508,15.482327139291538,15.392478593366535,-0.08984829178787593,2.54137126981524e-07
1374,1,-8.363510894775391,15.441965866088866,38.4859619140625,15.426118626308003,15.341965726472178,-0.08415276021913734,1.396166876277416e-07
1374,2,-8.397883987426757,15.441626739501952,37.72108917236328,15.422126083212293,15.341626506273808,-0.0804993437103402,2.3322814399207026e-07
1374,4,-8.004544734954834,15.515906810760498,38.278398513793945,15.51881330485357,15.415906550942058,-0.10290649409307165,2.5981844017919364e-07
1382,4,-8.08807373046875,15.515251159667969,36.40006065368652,15.509233394625888,15.415250966849523,-0.09398223495791883,1.9281844529372982e-07
1388,4,-8.166618347167969,15.515003204345703,34.59090042114258,15.50049215480733,15.415003080459734,-0.085488950461626,1.2388596956625086e-07
